measurement_id,timestamp,panjang_cm,lebar_cm,tinggi_cm,volume_cm3,berat_volumetrik_g,berat_aktual_g,chargeable_weight_g,chargeable_weight_kg,chargeable_source,actual_weight_range_g,detection_mode,detection_image,mask_image,json_file
integrated_20260521_012754_564665,2026-05-21 01:27:54,10.891,8.922,3.571,346.983,57.83,592.166,592.166,0.592166,actual,0.343,hsv_cardboard,hasil_tahap14/archive/detection_20260521_012754_564665.jpg,hasil_tahap14/archive/mask_20260521_012754_564665.jpg,hasil_tahap14/archive/integrated_20260521_012754_564665.json
integrated_20260521_013030_802947,2026-05-21 01:30:30,8.671,8.623,3.871,289.463,48.244,25.924,48.244,0.048244,volumetric,0.893,hsv_cardboard,hasil_tahap14/archive/detection_20260521_013030_802947.jpg,hasil_tahap14/archive/mask_20260521_013030_802947.jpg,hasil_tahap14/archive/integrated_20260521_013030_802947.json
integrated_20260521_013251_293376,2026-05-21 01:32:51,12.061,10.541,8.809,1119.901,186.65,45.376,186.65,0.18665,volumetric,0.598,hsv_cardboard,hasil_tahap14/archive/detection_20260521_013251_293376.jpg,hasil_tahap14/archive/mask_20260521_013251_293376.jpg,hasil_tahap14/archive/integrated_20260521_013251_293376.json
integrated_20260521_013721_341924,2026-05-21 01:37:21,10.907,8.723,4.144,394.253,65.709,585.521,585.521,0.585521,actual,0.515,hsv_cardboard,hasil_tahap14/archive/detection_20260521_013721_341924.jpg,hasil_tahap14/archive/mask_20260521_013721_341924.jpg,hasil_tahap14/archive/integrated_20260521_013721_341924.json
integrated_20260521_014341_974112,2026-05-21 01:43:41,6.062,6.006,6.474,235.719,39.286,279.858,279.858,0.279858,actual,0.513,hsv_cardboard,hasil_tahap14/archive/detection_20260521_014341_974112.jpg,hasil_tahap14/archive/mask_20260521_014341_974112.jpg,hasil_tahap14/archive/integrated_20260521_014341_974112.json
integrated_20260521_014404_703435,2026-05-21 01:44:04,7.06,6.766,2.996,143.105,23.851,280.444,280.444,0.280444,actual,0.359,hsv_cardboard,hasil_tahap14/archive/detection_20260521_014404_703435.jpg,hasil_tahap14/archive/mask_20260521_014404_703435.jpg,hasil_tahap14/archive/integrated_20260521_014404_703435.json
integrated_20260521_014419_593221,2026-05-21 01:44:19,6.026,5.934,6.492,232.168,38.695,282.633,282.633,0.282633,actual,0.543,hsv_cardboard,hasil_tahap14/archive/detection_20260521_014419_593221.jpg,hasil_tahap14/archive/mask_20260521_014419_593221.jpg,hasil_tahap14/archive/integrated_20260521_014419_593221.json
integrated_20260521_014850_947018,2026-05-21 01:48:50,8.776,8.482,3.868,287.912,47.985,320.219,320.219,0.320219,actual,1.394,hsv_cardboard,hasil_tahap14/archive/detection_20260521_014850_947018.jpg,hasil_tahap14/archive/mask_20260521_014850_947018.jpg,hasil_tahap14/archive/integrated_20260521_014850_947018.json
integrated_20260521_015505_788504,2026-05-21 01:55:05,9.883,9.707,0.0,0.0,0.0,334.269,334.269,0.334269,actual,0.373,hsv_cardboard,hasil_tahap14/archive/detection_20260521_015505_788504.jpg,hasil_tahap14/archive/mask_20260521_015505_788504.jpg,hasil_tahap14/archive/integrated_20260521_015505_788504.json
integrated_20260521_015526_833793,2026-05-21 01:55:26,9.015,8.893,2.704,216.805,36.134,328.158,328.158,0.328158,actual,0.146,hsv_cardboard,hasil_tahap14/archive/detection_20260521_015526_833793.jpg,hasil_tahap14/archive/mask_20260521_015526_833793.jpg,hasil_tahap14/archive/integrated_20260521_015526_833793.json
integrated_20260521_015545_977979,2026-05-21 01:55:45,11.024,8.816,3.868,375.964,62.661,581.122,581.122,0.581122,actual,1.018,hsv_cardboard,hasil_tahap14/archive/detection_20260521_015545_977979.jpg,hasil_tahap14/archive/mask_20260521_015545_977979.jpg,hasil_tahap14/archive/integrated_20260521_015545_977979.json
integrated_20260521_015848_387779,2026-05-21 01:58:48,10.248,8.54,5.32,465.593,77.599,587.604,587.604,0.587604,actual,0.654,hsv_cardboard,hasil_tahap14/archive/detection_20260521_015848_387779.jpg,hasil_tahap14/archive/mask_20260521_015848_387779.jpg,hasil_tahap14/archive/integrated_20260521_015848_387779.json
integrated_20260521_020806_895482,2026-05-21 02:08:06,11.54,9.188,2.721,288.536,48.089,582.445,582.445,0.582445,actual,1.299,hsv_cardboard,hasil_tahap14/archive/detection_20260521_020806_895482.jpg,hasil_tahap14/archive/mask_20260521_020806_895482.jpg,hasil_tahap14/archive/integrated_20260521_020806_895482.json
integrated_20260521_020835_300316,2026-05-21 02:08:35,10.844,8.689,4.453,419.593,69.932,575.442,575.442,0.575442,actual,1.347,hsv_cardboard,hasil_tahap14/archive/detection_20260521_020835_300316.jpg,hasil_tahap14/archive/mask_20260521_020835_300316.jpg,hasil_tahap14/archive/integrated_20260521_020835_300316.json
integrated_20260521_020911_192252,2026-05-21 02:09:11,8.694,8.656,3.59,270.129,45.022,318.846,318.846,0.318846,actual,0.052,hsv_cardboard,hasil_tahap14/archive/detection_20260521_020911_192252.jpg,hasil_tahap14/archive/mask_20260521_020911_192252.jpg,hasil_tahap14/archive/integrated_20260521_020911_192252.json
integrated_20260521_020933_435633,2026-05-21 02:09:33,6.266,6.114,5.631,215.732,35.955,271.196,271.196,0.271196,actual,0.357,hsv_cardboard,hasil_tahap14/archive/detection_20260521_020933_435633.jpg,hasil_tahap14/archive/mask_20260521_020933_435633.jpg,hasil_tahap14/archive/integrated_20260521_020933_435633.json
integrated_20260521_021039_941639,2026-05-21 02:10:39,16.384,11.113,4.459,811.899,135.316,352.208,352.208,0.352208,actual,0.697,hsv_cardboard,hasil_tahap14/archive/detection_20260521_021039_941639.jpg,hasil_tahap14/archive/mask_20260521_021039_941639.jpg,hasil_tahap14/archive/integrated_20260521_021039_941639.json
integrated_20260521_021824_989562,2026-05-21 02:18:24,10.637,8.516,4.739,429.264,71.544,581.298,581.298,0.581298,actual,0.177,hsv_cardboard,hasil_tahap14/archive/detection_20260521_021824_989562.jpg,hasil_tahap14/archive/mask_20260521_021824_989562.jpg,hasil_tahap14/archive/integrated_20260521_021824_989562.json
integrated_20260521_021842_731502,2026-05-21 02:18:42,6.073,5.981,6.476,235.227,39.205,271.888,271.888,0.271888,actual,0.241,hsv_cardboard,hasil_tahap14/archive/detection_20260521_021842_731502.jpg,hasil_tahap14/archive/mask_20260521_021842_731502.jpg,hasil_tahap14/archive/integrated_20260521_021842_731502.json
integrated_20260521_021857_088590,2026-05-21 02:18:57,8.703,8.527,3.871,287.264,47.877,316.113,316.113,0.316113,actual,0.354,hsv_cardboard,hasil_tahap14/archive/detection_20260521_021857_088590.jpg,hasil_tahap14/archive/mask_20260521_021857_088590.jpg,hasil_tahap14/archive/integrated_20260521_021857_088590.json
integrated_20260521_030910_348178,2026-05-21 03:09:10,6.347,6.063,5.614,215.881,35.98,282.72,282.72,0.28272,actual,0.541,hsv_cardboard,hasil_tahap14/archive/detection_20260521_030910_348178.jpg,hasil_tahap14/archive/mask_20260521_030910_348178.jpg,hasil_tahap14/archive/integrated_20260521_030910_348178.json
integrated_20260521_030923_386244,2026-05-21 03:09:23,10.291,8.689,5.319,475.629,79.271,583.512,583.512,0.583512,actual,0.699,hsv_cardboard,hasil_tahap14/archive/detection_20260521_030923_386244.jpg,hasil_tahap14/archive/mask_20260521_030923_386244.jpg,hasil_tahap14/archive/integrated_20260521_030923_386244.json
integrated_20260521_030941_834892,2026-05-21 03:09:41,8.875,8.67,3.573,274.956,45.826,330.491,330.491,0.330491,actual,0.38,hsv_cardboard,hasil_tahap14/archive/detection_20260521_030941_834892.jpg,hasil_tahap14/archive/mask_20260521_030941_834892.jpg,hasil_tahap14/archive/integrated_20260521_030941_834892.json
integrated_20260521_125301_689368,2026-05-21 12:53:01,10.603,8.519,4.491,405.672,67.612,596.079,596.079,0.596079,actual,0.829,hsv_cardboard,hasil_tahap14/archive/detection_20260521_125301_689368.jpg,hasil_tahap14/archive/mask_20260521_125301_689368.jpg,hasil_tahap14/archive/integrated_20260521_125301_689368.json
integrated_20260521_125349_947261,2026-05-21 12:53:49,6.136,6.018,6.235,230.238,38.373,290.19,290.19,0.29019,actual,0.39,hsv_cardboard,hasil_tahap14/archive/detection_20260521_125349_947261.jpg,hasil_tahap14/archive/mask_20260521_125349_947261.jpg,hasil_tahap14/archive/integrated_20260521_125349_947261.json
integrated_20260521_125609_957542,2026-05-21 12:56:09,10.548,8.53,4.49,404.051,67.342,594.581,594.581,0.594581,actual,0.966,hsv_cardboard,hasil_tahap14/archive/detection_20260521_125609_957542.jpg,hasil_tahap14/archive/mask_20260521_125609_957542.jpg,hasil_tahap14/archive/integrated_20260521_125609_957542.json
integrated_20260521_125649_543714,2026-05-21 12:56:49,8.855,4.529,2.439,97.905,16.318,343.705,343.705,0.343705,actual,0.246,hsv_cardboard,hasil_tahap14/archive/detection_20260521_125649_543714.jpg,hasil_tahap14/archive/mask_20260521_125649_543714.jpg,hasil_tahap14/archive/integrated_20260521_125649_543714.json
integrated_20260521_125703_357852,2026-05-21 12:57:03,8.525,7.625,3.616,235.111,39.185,347.305,347.305,0.347305,actual,0.534,hsv_cardboard,hasil_tahap14/archive/detection_20260521_125703_357852.jpg,hasil_tahap14/archive/mask_20260521_125703_357852.jpg,hasil_tahap14/archive/integrated_20260521_125703_357852.json
integrated_20260521_125750_556262,2026-05-21 12:57:50,10.03,8.436,5.348,452.504,75.417,608.468,608.468,0.608468,actual,0.569,hsv_cardboard,hasil_tahap14/archive/detection_20260521_125750_556262.jpg,hasil_tahap14/archive/mask_20260521_125750_556262.jpg,hasil_tahap14/archive/integrated_20260521_125750_556262.json
integrated_20260521_130219_234799,2026-05-21 13:02:19,10.851,8.684,11.735,1105.798,184.3,1883.39,1883.39,1.88339,actual,0.671,hsv_cardboard,hasil_tahap14/archive/detection_20260521_130219_234799.jpg,hasil_tahap14/archive/mask_20260521_130219_234799.jpg,hasil_tahap14/archive/integrated_20260521_130219_234799.json
integrated_20260521_130745_707405,2026-05-21 13:07:45,6.033,5.968,6.224,224.102,37.35,288.477,288.477,0.288477,actual,0.373,hsv_cardboard,hasil_tahap14/archive/detection_20260521_130745_707405.jpg,hasil_tahap14/archive/mask_20260521_130745_707405.jpg,hasil_tahap14/archive/integrated_20260521_130745_707405.json
integrated_20260521_130831_306758,2026-05-21 13:08:31,11.95,10.535,8.561,1077.826,179.638,1902.284,1902.284,1.902284,actual,1.122,hsv_cardboard,hasil_tahap14/archive/detection_20260521_130831_306758.jpg,hasil_tahap14/archive/mask_20260521_130831_306758.jpg,hasil_tahap14/archive/integrated_20260521_130831_306758.json
integrated_20260521_131003_691284,2026-05-21 13:10:03,6.044,5.936,6.24,223.897,37.316,287.301,287.301,0.287301,actual,0.439,hsv_cardboard,hasil_tahap14/archive/detection_20260521_131003_691284.jpg,hasil_tahap14/archive/mask_20260521_131003_691284.jpg,hasil_tahap14/archive/integrated_20260521_131003_691284.json
integrated_20260521_131018_272550,2026-05-21 13:10:18,11.983,10.609,8.565,1088.821,181.47,1896.238,1896.238,1.896238,actual,1.382,hsv_cardboard,hasil_tahap14/archive/detection_20260521_131018_272550.jpg,hasil_tahap14/archive/mask_20260521_131018_272550.jpg,hasil_tahap14/archive/integrated_20260521_131018_272550.json
integrated_20260521_195942_742811,2026-05-21 19:59:42,6.204,6.11,6.498,246.332,41.055,281.311,281.311,0.281311,actual,1.153,hsv_cardboard,hasil_tahap14/archive/detection_20260521_195942_742811.jpg,hasil_tahap14/archive/mask_20260521_195942_742811.jpg,hasil_tahap14/archive/integrated_20260521_195942_742811.json
integrated_20260521_200153_912994,2026-05-21 20:01:53,10.214,8.848,5.039,455.398,75.9,204.308,204.308,0.204308,actual,0.685,hsv_cardboard,hasil_tahap14/archive/detection_20260521_200153_912994.jpg,hasil_tahap14/archive/mask_20260521_200153_912994.jpg,hasil_tahap14/archive/integrated_20260521_200153_912994.json
integrated_20260521_201531_889793,2026-05-21 20:15:31,10.622,8.866,4.452,419.284,69.881,216.642,216.642,0.216642,actual,0.411,hsv_cardboard,hasil_tahap14/archive/detection_20260521_201531_889793.jpg,hasil_tahap14/archive/mask_20260521_201531_889793.jpg,hasil_tahap14/archive/integrated_20260521_201531_889793.json
integrated_20260521_201609_269065,2026-05-21 20:16:09,11.669,10.822,8.811,1112.736,185.456,1656.569,1656.569,1.656569,actual,0.149,hsv_cardboard,hasil_tahap14/archive/detection_20260521_201609_269065.jpg,hasil_tahap14/archive/mask_20260521_201609_269065.jpg,hasil_tahap14/archive/integrated_20260521_201609_269065.json
integrated_20260521_201928_301144,2026-05-21 20:19:28,6.236,6.186,5.618,216.726,36.121,282.731,282.731,0.282731,actual,0.595,hsv_cardboard,hasil_tahap14/archive/detection_20260521_201928_301144.jpg,hasil_tahap14/archive/mask_20260521_201928_301144.jpg,hasil_tahap14/archive/integrated_20260521_201928_301144.json
integrated_20260521_201939_034313,2026-05-21 20:19:39,10.645,8.704,5.037,466.726,77.788,205.325,205.325,0.205325,actual,1.165,hsv_cardboard,hasil_tahap14/archive/detection_20260521_201939_034313.jpg,hasil_tahap14/archive/mask_20260521_201939_034313.jpg,hasil_tahap14/archive/integrated_20260521_201939_034313.json
integrated_20260521_203818_430284,2026-05-21 20:38:18,10.408,8.591,4.74,423.848,70.641,553.01,553.01,0.55301,actual,0.125,hsv_cardboard,hasil_tahap14/archive/detection_20260521_203818_430284.jpg,hasil_tahap14/archive/mask_20260521_203818_430284.jpg,hasil_tahap14/archive/integrated_20260521_203818_430284.json
integrated_20260521_203902_241479,2026-05-21 20:39:02,10.42,8.561,4.741,422.979,70.496,547.019,547.019,0.547019,actual,0.584,hsv_cardboard,hasil_tahap14/archive/detection_20260521_203902_241479.jpg,hasil_tahap14/archive/mask_20260521_203902_241479.jpg,hasil_tahap14/archive/integrated_20260521_203902_241479.json
integrated_20260521_203922_834878,2026-05-21 20:39:22,10.206,8.887,4.462,404.685,67.447,572.982,572.982,0.572982,actual,0.095,hsv_cardboard,hasil_tahap14/archive/detection_20260521_203922_834878.jpg,hasil_tahap14/archive/mask_20260521_203922_834878.jpg,hasil_tahap14/archive/integrated_20260521_203922_834878.json
integrated_20260521_203944_886724,2026-05-21 20:39:44,10.34,8.853,4.466,408.801,68.134,569.995,569.995,0.569995,actual,0.546,hsv_cardboard,hasil_tahap14/archive/detection_20260521_203944_886724.jpg,hasil_tahap14/archive/mask_20260521_203944_886724.jpg,hasil_tahap14/archive/integrated_20260521_203944_886724.json
integrated_20260521_204204_872027,2026-05-21 20:42:04,10.528,8.669,4.462,407.268,67.878,588.85,588.85,0.58885,actual,0.106,hsv_cardboard,hasil_tahap14/archive/detection_20260521_204204_872027.jpg,hasil_tahap14/archive/mask_20260521_204204_872027.jpg,hasil_tahap14/archive/integrated_20260521_204204_872027.json
integrated_20260522_002657_500437,2026-05-22 00:26:57,11.757,10.669,8.819,1106.219,184.37,1307.897,1307.897,1.307897,actual,0.461,hsv_cardboard,hasil_tahap14/archive/detection_20260522_002657_500437.jpg,hasil_tahap14/archive/mask_20260522_002657_500437.jpg,hasil_tahap14/archive/integrated_20260522_002657_500437.json
integrated_20260522_003023_528115,2026-05-22 00:30:23,11.661,10.59,8.812,1088.131,181.355,1294.775,1294.775,1.294775,actual,4.044,hsv_cardboard,hasil_tahap14/archive/detection_20260522_003023_528115.jpg,hasil_tahap14/archive/mask_20260522_003023_528115.jpg,hasil_tahap14/archive/integrated_20260522_003023_528115.json
integrated_20260522_003259_078162,2026-05-22 00:32:59,11.704,10.349,8.817,1067.943,177.991,1317.312,1317.312,1.317312,actual,0.777,hsv_cardboard,hasil_tahap14/archive/detection_20260522_003259_078162.jpg,hasil_tahap14/archive/mask_20260522_003259_078162.jpg,hasil_tahap14/archive/integrated_20260522_003259_078162.json
integrated_20260522_003537_166928,2026-05-22 00:35:37,11.542,8.743,10.726,1082.354,180.392,1335.424,1335.424,1.335424,actual,0.239,hsv_cardboard,hasil_tahap14/archive/detection_20260522_003537_166928.jpg,hasil_tahap14/archive/mask_20260522_003537_166928.jpg,hasil_tahap14/archive/integrated_20260522_003537_166928.json
integrated_20260522_004858_067061,2026-05-22 00:48:58,11.969,8.674,10.734,1114.325,185.721,1331.438,1331.438,1.331438,actual,0.56,hsv_cardboard,hasil_tahap14/archive/detection_20260522_004858_067061.jpg,hasil_tahap14/archive/mask_20260522_004858_067061.jpg,hasil_tahap14/archive/integrated_20260522_004858_067061.json
integrated_20260522_005217_349913,2026-05-22 00:52:17,11.733,10.824,8.81,1118.772,186.462,1311.345,1311.345,1.311345,actual,0.3,hsv_cardboard,hasil_tahap14/archive/detection_20260522_005217_349913.jpg,hasil_tahap14/archive/mask_20260522_005217_349913.jpg,hasil_tahap14/archive/integrated_20260522_005217_349913.json
integrated_20260522_005250_193612,2026-05-22 00:52:50,11.406,9.011,11.054,1136.213,189.369,1329.571,1329.571,1.329571,actual,0.189,hsv_cardboard,hasil_tahap14/archive/detection_20260522_005250_193612.jpg,hasil_tahap14/archive/mask_20260522_005250_193612.jpg,hasil_tahap14/archive/integrated_20260522_005250_193612.json
integrated_20260522_005318_536923,2026-05-22 00:53:18,12.258,8.977,10.42,1146.617,191.103,1337.265,1337.265,1.337265,actual,0.456,hsv_cardboard,hasil_tahap14/archive/detection_20260522_005318_536923.jpg,hasil_tahap14/archive/mask_20260522_005318_536923.jpg,hasil_tahap14/archive/integrated_20260522_005318_536923.json
integrated_20260522_011755_103113,2026-05-22 01:17:55,10.572,8.5,4.731,425.13,70.855,570.97,570.97,0.57097,actual,1.023,hsv_cardboard,hasil_tahap14/archive/detection_20260522_011755_103113.jpg,hasil_tahap14/archive/mask_20260522_011755_103113.jpg,hasil_tahap14/archive/integrated_20260522_011755_103113.json
integrated_20260522_011834_958175,2026-05-22 01:18:34,11.189,9.136,3.001,306.735,51.123,581.662,581.662,0.581662,actual,1.366,hsv_cardboard,hasil_tahap14/archive/detection_20260522_011834_958175.jpg,hasil_tahap14/archive/mask_20260522_011834_958175.jpg,hasil_tahap14/archive/integrated_20260522_011834_958175.json
integrated_20260522_011902_705445,2026-05-22 01:19:02,9.808,4.692,8.236,379.042,63.174,579.726,579.726,0.579726,actual,0.626,hsv_cardboard,hasil_tahap14/archive/detection_20260522_011902_705445.jpg,hasil_tahap14/archive/mask_20260522_011902_705445.jpg,hasil_tahap14/archive/integrated_20260522_011902_705445.json
integrated_20260522_011926_457799,2026-05-22 01:19:26,11.673,4.927,6.487,373.122,62.187,565.751,565.751,0.565751,actual,0.224,hsv_cardboard,hasil_tahap14/archive/detection_20260522_011926_457799.jpg,hasil_tahap14/archive/mask_20260522_011926_457799.jpg,hasil_tahap14/archive/integrated_20260522_011926_457799.json
integrated_20260522_012658_930551,2026-05-22 01:26:58,10.807,8.841,3.857,368.474,61.412,565.393,565.393,0.565393,actual,2.469,hsv_cardboard,hasil_tahap14/archive/detection_20260522_012658_930551.jpg,hasil_tahap14/archive/mask_20260522_012658_930551.jpg,hasil_tahap14/archive/integrated_20260522_012658_930551.json
integrated_20260522_012731_126041,2026-05-22 01:27:31,9.323,4.764,9.446,419.547,69.925,580.252,580.252,0.580252,actual,0.39,hsv_cardboard,hasil_tahap14/archive/detection_20260522_012731_126041.jpg,hasil_tahap14/archive/mask_20260522_012731_126041.jpg,hasil_tahap14/archive/integrated_20260522_012731_126041.json
integrated_20260522_013043_647791,2026-05-22 01:30:43,11.076,9.082,3.219,323.604,53.934,575.644,575.644,0.575644,actual,1.094,hsv_cardboard,hasil_tahap14/archive/detection_20260522_013043_647791.jpg,hasil_tahap14/archive/mask_20260522_013043_647791.jpg,hasil_tahap14/archive/integrated_20260522_013043_647791.json
integrated_20260522_013117_931405,2026-05-22 01:31:17,10.435,8.602,4.734,425.013,70.836,558.065,558.065,0.558065,actual,0.487,hsv_cardboard,hasil_tahap14/archive/detection_20260522_013117_931405.jpg,hasil_tahap14/archive/mask_20260522_013117_931405.jpg,hasil_tahap14/archive/integrated_20260522_013117_931405.json
integrated_20260522_013230_874250,2026-05-22 01:32:30,10.402,8.571,4.734,421.994,70.332,570.259,570.259,0.570259,actual,2.625,hsv_cardboard,hasil_tahap14/archive/detection_20260522_013230_874250.jpg,hasil_tahap14/archive/mask_20260522_013230_874250.jpg,hasil_tahap14/archive/integrated_20260522_013230_874250.json
integrated_20260522_013303_119312,2026-05-22 01:33:03,8.838,4.98,10.733,472.356,78.726,561.804,561.804,0.561804,actual,0.357,hsv_cardboard,hasil_tahap14/archive/detection_20260522_013303_119312.jpg,hasil_tahap14/archive/mask_20260522_013303_119312.jpg,hasil_tahap14/archive/integrated_20260522_013303_119312.json
integrated_20260522_013332_975143,2026-05-22 01:33:32,10.679,5.264,8.511,478.409,79.735,523.819,523.819,0.523819,actual,0.69,hsv_cardboard,hasil_tahap14/archive/detection_20260522_013332_975143.jpg,hasil_tahap14/archive/mask_20260522_013332_975143.jpg,hasil_tahap14/archive/integrated_20260522_013332_975143.json
integrated_20260522_013349_098616,2026-05-22 01:33:49,10.85,5.457,8.241,487.914,81.319,500.776,500.776,0.500776,actual,0.172,hsv_cardboard,hasil_tahap14/archive/detection_20260522_013349_098616.jpg,hasil_tahap14/archive/mask_20260522_013349_098616.jpg,hasil_tahap14/archive/integrated_20260522_013349_098616.json
integrated_20260522_013407_879380,2026-05-22 01:34:07,10.723,5.139,8.531,470.074,78.346,519.576,519.576,0.519576,actual,0.664,hsv_cardboard,hasil_tahap14/archive/detection_20260522_013407_879380.jpg,hasil_tahap14/archive/mask_20260522_013407_879380.jpg,hasil_tahap14/archive/integrated_20260522_013407_879380.json
integrated_20260522_013429_228941,2026-05-22 01:34:29,10.853,4.692,8.525,434.022,72.337,548.562,548.562,0.548562,actual,0.31,hsv_cardboard,hasil_tahap14/archive/detection_20260522_013429_228941.jpg,hasil_tahap14/archive/mask_20260522_013429_228941.jpg,hasil_tahap14/archive/integrated_20260522_013429_228941.json
integrated_20260522_013517_156788,2026-05-22 01:35:17,11.128,9.22,3.057,313.53,52.255,562.937,562.937,0.562937,actual,1.571,hsv_cardboard,hasil_tahap14/archive/detection_20260522_013517_156788.jpg,hasil_tahap14/archive/mask_20260522_013517_156788.jpg,hasil_tahap14/archive/integrated_20260522_013517_156788.json
integrated_20260522_013558_173224,2026-05-22 01:35:58,10.697,8.843,3.856,364.769,60.795,571.009,571.009,0.571009,actual,1.68,hsv_cardboard,hasil_tahap14/archive/detection_20260522_013558_173224.jpg,hasil_tahap14/archive/mask_20260522_013558_173224.jpg,hasil_tahap14/archive/integrated_20260522_013558_173224.json
integrated_20260522_013622_709963,2026-05-22 01:36:22,8.815,4.839,10.725,457.674,76.279,575.171,575.171,0.575171,actual,0.487,hsv_cardboard,hasil_tahap14/archive/detection_20260522_013622_709963.jpg,hasil_tahap14/archive/mask_20260522_013622_709963.jpg,hasil_tahap14/archive/integrated_20260522_013622_709963.json
integrated_20260522_013648_047758,2026-05-22 01:36:48,10.805,4.579,8.525,421.841,70.307,559.54,559.54,0.55954,actual,1.462,hsv_cardboard,hasil_tahap14/archive/detection_20260522_013648_047758.jpg,hasil_tahap14/archive/mask_20260522_013648_047758.jpg,hasil_tahap14/archive/integrated_20260522_013648_047758.json
integrated_20260522_014303_414882,2026-05-22 01:43:03,11.1,9.14,2.986,302.969,50.495,563.732,563.732,0.563732,actual,0.643,hsv_cardboard,hasil_tahap14/archive/detection_20260522_014303_414882.jpg,hasil_tahap14/archive/mask_20260522_014303_414882.jpg,hasil_tahap14/archive/integrated_20260522_014303_414882.json
integrated_20260522_014333_271334,2026-05-22 01:43:33,10.936,9.05,3.198,316.46,52.743,578.301,578.301,0.578301,actual,0.397,hsv_cardboard,hasil_tahap14/archive/detection_20260522_014333_271334.jpg,hasil_tahap14/archive/mask_20260522_014333_271334.jpg,hasil_tahap14/archive/integrated_20260522_014333_271334.json
integrated_20260522_014626_060760,2026-05-22 01:46:26,10.221,8.481,5.032,436.155,72.693,568.474,568.474,0.568474,actual,3.509,hsv_cardboard,hasil_tahap14/archive/detection_20260522_014626_060760.jpg,hasil_tahap14/archive/mask_20260522_014626_060760.jpg,hasil_tahap14/archive/integrated_20260522_014626_060760.json
integrated_20260522_014649_623485,2026-05-22 01:46:49,8.38,4.444,10.729,399.667,66.611,576.598,576.598,0.576598,actual,1.798,hsv_cardboard,hasil_tahap14/archive/detection_20260522_014649_623485.jpg,hasil_tahap14/archive/mask_20260522_014649_623485.jpg,hasil_tahap14/archive/integrated_20260522_014649_623485.json
integrated_20260522_014715_934174,2026-05-22 01:47:15,10.801,4.795,8.229,426.658,71.11,578.542,578.542,0.578542,actual,1.729,hsv_cardboard,hasil_tahap14/archive/detection_20260522_014715_934174.jpg,hasil_tahap14/archive/mask_20260522_014715_934174.jpg,hasil_tahap14/archive/integrated_20260522_014715_934174.json
integrated_20260522_015235_134700,2026-05-22 01:52:35,6.139,6.029,6.493,240.318,40.053,282.937,282.937,0.282937,actual,1.5,hsv_cardboard,hasil_tahap14/archive/detection_20260522_015235_134700.jpg,hasil_tahap14/archive/mask_20260522_015235_134700.jpg,hasil_tahap14/archive/integrated_20260522_015235_134700.json
integrated_20260522_015309_331362,2026-05-22 01:53:09,6.528,6.456,4.748,200.119,33.353,282.149,282.149,0.282149,actual,0.21,hsv_cardboard,hasil_tahap14/archive/detection_20260522_015309_331362.jpg,hasil_tahap14/archive/mask_20260522_015309_331362.jpg,hasil_tahap14/archive/integrated_20260522_015309_331362.json
integrated_20260522_015536_252313,2026-05-22 01:55:36,6.142,6.077,6.493,242.475,40.413,281.875,281.875,0.281875,actual,0.758,hsv_cardboard,hasil_tahap14/archive/detection_20260522_015536_252313.jpg,hasil_tahap14/archive/mask_20260522_015536_252313.jpg,hasil_tahap14/archive/integrated_20260522_015536_252313.json
integrated_20260522_015555_211321,2026-05-22 01:55:55,6.069,6.049,6.491,238.279,39.713,283.145,283.145,0.283145,actual,0.451,hsv_cardboard,hasil_tahap14/archive/detection_20260522_015555_211321.jpg,hasil_tahap14/archive/mask_20260522_015555_211321.jpg,hasil_tahap14/archive/integrated_20260522_015555_211321.json
integrated_20260522_015616_207525,2026-05-22 01:56:16,6.265,6.204,5.625,218.631,36.438,280.351,280.351,0.280351,actual,0.198,hsv_cardboard,hasil_tahap14/archive/detection_20260522_015616_207525.jpg,hasil_tahap14/archive/mask_20260522_015616_207525.jpg,hasil_tahap14/archive/integrated_20260522_015616_207525.json
integrated_20260522_020412_347609,2026-05-22 02:04:12,9.936,9.796,5.904,574.682,95.78,50.785,95.78,0.09578,volumetric,1.711,hsv_cardboard,hasil_tahap14/archive/detection_20260522_020412_347609.jpg,hasil_tahap14/archive/mask_20260522_020412_347609.jpg,hasil_tahap14/archive/integrated_20260522_020412_347609.json
integrated_20260522_020455_490718,2026-05-22 02:04:55,9.915,9.805,5.89,572.553,95.425,50.188,95.425,0.095425,volumetric,0.395,hsv_cardboard,hasil_tahap14/archive/detection_20260522_020455_490718.jpg,hasil_tahap14/archive/mask_20260522_020455_490718.jpg,hasil_tahap14/archive/integrated_20260522_020455_490718.json
integrated_20260522_020613_225343,2026-05-22 02:06:13,10.604,10.332,4.178,457.789,76.298,50.443,76.298,0.076298,volumetric,0.395,hsv_cardboard,hasil_tahap14/archive/detection_20260522_020613_225343.jpg,hasil_tahap14/archive/mask_20260522_020613_225343.jpg,hasil_tahap14/archive/integrated_20260522_020613_225343.json
integrated_20260522_021356_529011,2026-05-22 02:13:56,10.298,9.993,5.033,517.952,86.325,63.868,86.325,0.086325,volumetric,3.598,hsv_cardboard,hasil_tahap14/archive/detection_20260522_021356_529011.jpg,hasil_tahap14/archive/mask_20260522_021356_529011.jpg,hasil_tahap14/archive/integrated_20260522_021356_529011.json
integrated_20260522_021534_161089,2026-05-22 02:15:34,9.869,9.599,5.896,558.522,93.087,68.227,93.087,0.093087,volumetric,2.086,hsv_cardboard,hasil_tahap14/archive/detection_20260522_021534_161089.jpg,hasil_tahap14/archive/mask_20260522_021534_161089.jpg,hasil_tahap14/archive/integrated_20260522_021534_161089.json
integrated_20260522_021553_284653,2026-05-22 02:15:53,10.015,5.505,10.424,574.719,95.786,65.016,95.786,0.095786,volumetric,0.572,hsv_cardboard,hasil_tahap14/archive/detection_20260522_021553_284653.jpg,hasil_tahap14/archive/mask_20260522_021553_284653.jpg,hasil_tahap14/archive/integrated_20260522_021553_284653.json
integrated_20260522_021618_268547,2026-05-22 02:16:18,10.656,5.433,9.458,547.572,91.262,65.426,91.262,0.091262,volumetric,0.385,hsv_cardboard,hasil_tahap14/archive/detection_20260522_021618_268547.jpg,hasil_tahap14/archive/mask_20260522_021618_268547.jpg,hasil_tahap14/archive/integrated_20260522_021618_268547.json
integrated_20260522_022258_292477,2026-05-22 02:22:58,9.915,9.598,5.912,562.583,93.764,69.368,93.764,0.093764,volumetric,0.867,hsv_cardboard,hasil_tahap14/archive/detection_20260522_022258_292477.jpg,hasil_tahap14/archive/mask_20260522_022258_292477.jpg,hasil_tahap14/archive/integrated_20260522_022258_292477.json
integrated_20260522_022348_611855,2026-05-22 02:23:48,10.36,10.059,5.032,524.371,87.395,68.979,87.395,0.087395,volumetric,0.664,hsv_cardboard,hasil_tahap14/archive/detection_20260522_022348_611855.jpg,hasil_tahap14/archive/mask_20260522_022348_611855.jpg,hasil_tahap14/archive/integrated_20260522_022348_611855.json
integrated_20260522_022409_431911,2026-05-22 02:24:09,10.633,5.239,9.137,508.951,84.825,70.646,84.825,0.084825,volumetric,0.182,hsv_cardboard,hasil_tahap14/archive/detection_20260522_022409_431911.jpg,hasil_tahap14/archive/mask_20260522_022409_431911.jpg,hasil_tahap14/archive/integrated_20260522_022409_431911.json
integrated_20260522_083011_123227,2026-05-22 08:30:11,12.153,6.656,15.892,1285.391,214.232,644.024,644.024,0.644024,actual,0.248,hsv_cardboard,hasil_tahap14/archive/detection_20260522_083011_123227.jpg,hasil_tahap14/archive/mask_20260522_083011_123227.jpg,hasil_tahap14/archive/integrated_20260522_083011_123227.json
integrated_20260522_083046_053509,2026-05-22 08:30:46,13.097,7.527,14.587,1438.013,239.669,640.094,640.094,0.640094,actual,0.383,hsv_cardboard,hasil_tahap14/archive/detection_20260522_083046_053509.jpg,hasil_tahap14/archive/mask_20260522_083046_053509.jpg,hasil_tahap14/archive/integrated_20260522_083046_053509.json
integrated_20260522_083130_977294,2026-05-22 08:31:30,7.491,4.862,15.889,578.574,96.429,576.04,576.04,0.57604,actual,0.255,hsv_cardboard,hasil_tahap14/archive/detection_20260522_083130_977294.jpg,hasil_tahap14/archive/mask_20260522_083130_977294.jpg,hasil_tahap14/archive/integrated_20260522_083130_977294.json
integrated_20260522_083210_670874,2026-05-22 08:32:10,6.068,5.882,6.495,231.791,38.632,291.643,291.643,0.291643,actual,0.217,hsv_cardboard,hasil_tahap14/archive/detection_20260522_083210_670874.jpg,hasil_tahap14/archive/mask_20260522_083210_670874.jpg,hasil_tahap14/archive/integrated_20260522_083210_670874.json
integrated_20260522_083236_009332,2026-05-22 08:32:36,13.202,7.468,14.598,1439.23,239.872,648.367,648.367,0.648367,actual,0.484,hsv_cardboard,hasil_tahap14/archive/detection_20260522_083236_009332.jpg,hasil_tahap14/archive/mask_20260522_083236_009332.jpg,hasil_tahap14/archive/integrated_20260522_083236_009332.json
integrated_20260527_140755_932158,2026-05-27 14:07:55,6.184,5.914,6.222,227.58,37.93,286.039,286.039,0.286039,actual,2.3,hsv_cardboard,hasil_tahap14/archive/detection_20260527_140755_932158.jpg,hasil_tahap14/archive/mask_20260527_140755_932158.jpg,hasil_tahap14/archive/integrated_20260527_140755_932158.json
integrated_20260527_141053_700917,2026-05-27 14:10:53,8.675,7.149,4.482,277.914,46.319,579.717,579.717,0.579717,actual,0.552,hsv_cardboard,hasil_tahap14/archive/detection_20260527_141053_700917.jpg,hasil_tahap14/archive/mask_20260527_141053_700917.jpg,hasil_tahap14/archive/integrated_20260527_141053_700917.json
integrated_20260527_141219_362551,2026-05-27 14:12:19,10.623,8.827,3.635,340.888,56.815,573.523,573.523,0.573523,actual,0.567,hsv_cardboard,hasil_tahap14/archive/detection_20260527_141219_362551.jpg,hasil_tahap14/archive/mask_20260527_141219_362551.jpg,hasil_tahap14/archive/integrated_20260527_141219_362551.json
