measurement_id,timestamp,object_detected,metode_deteksi,panjang_cm,lebar_cm,tinggi_cm,tinggi_raw_cm,volume_cm3,berat_volumetrik_kg,berat_volumetrik_g,panjang_raw_cm,lebar_raw_cm,height_correction_factor,actual_panjang_cm,actual_lebar_cm,actual_tinggi_cm,error_persen_panjang,error_persen_lebar,error_persen_tinggi,base_distance_cm,distance_cm,px_per_cm_x,px_per_cm_y,panjang_px,lebar_px,angle,height_calib_a,height_calib_b,warp_output_width_px,warp_output_height_px,margin_px,diff_threshold,detection_image,mask_image,json_file
measurement_20260520_221321_294087,2026-05-20 22:13:21,True,height_gated_live_background_subtraction,10.924,10.43,4.635,4.759,528.072,0.088012,88.012,12.809,12.23,0.852857,16.5,12.8,8.5,33.795,18.514,45.474,31.498,26.739,32.0,32.0,409.873,391.351,3.226,1.34719,-1.776366,800,672,96,22,hasil_tahap10/archive/detection_20260520_221321_294087.jpg,hasil_tahap10/archive/mask_20260520_221321_294087.jpg,hasil_tahap10/archive/measurement_20260520_221321_294087.json
measurement_20260520_221418_293220,2026-05-20 22:14:18,True,height_gated_live_background_subtraction,13.48,10.228,5.028,5.051,693.283,0.115547,115.547,16.041,12.171,0.84036,16.5,12.8,8.5,18.302,20.093,40.843,31.498,26.447,32.0,32.0,513.309,389.473,0.974,1.34719,-1.776366,800,672,96,22,hasil_tahap10/archive/detection_20260520_221418_293220.jpg,hasil_tahap10/archive/mask_20260520_221418_293220.jpg,hasil_tahap10/archive/measurement_20260520_221418_293220.json
measurement_20260520_221506_437494,2026-05-20 22:15:06,True,height_gated_live_background_subtraction,13.209,9.812,6.183,5.908,801.404,0.133567,133.567,16.435,12.209,0.803697,16.5,12.8,8.5,19.945,23.342,27.257,31.498,25.59,32.0,32.0,525.932,390.684,71.995,1.34719,-1.776366,800,672,96,22,hasil_tahap10/archive/detection_20260520_221506_437494.jpg,hasil_tahap10/archive/mask_20260520_221506_437494.jpg,hasil_tahap10/archive/measurement_20260520_221506_437494.json
measurement_20260520_221516_185917,2026-05-20 22:15:16,True,height_gated_live_background_subtraction,14.266,10.85,4.999,5.029,773.807,0.128968,128.968,16.957,12.897,0.841282,16.5,12.8,8.5,13.54,15.234,41.185,31.498,26.469,32.0,32.0,542.632,412.703,88.021,1.34719,-1.776366,800,672,96,22,hasil_tahap10/archive/detection_20260520_221516_185917.jpg,hasil_tahap10/archive/mask_20260520_221516_185917.jpg,hasil_tahap10/archive/measurement_20260520_221516_185917.json
measurement_20260520_223529_129345,2026-05-20 22:35:29,True,height_gated_background_subtraction_sensor_point,10.655,8.602,4.622,4.749,423.638,0.070606,70.606,12.487,10.082,0.853258,16.5,12.8,8.5,35.425,32.794,45.623,31.498,26.749,32.0,32.0,399.59,322.619,3.421,1.34719,-1.776366,800,672,96,24,397,407,hasil_tahap10/archive/detection_20260520_223529_129345.jpg,hasil_tahap10/archive/mask_20260520_223529_129345.jpg,hasil_tahap10/archive/measurement_20260520_223529_129345.json
measurement_20260520_223646_002511,2026-05-20 22:36:46,True,height_gated_background_subtraction_sensor_point,10.771,8.82,4.621,4.749,438.926,0.073154,73.154,12.623,10.336,0.853295,16.5,12.8,8.5,34.719,31.097,45.636,31.498,26.749,32.0,32.0,403.944,330.752,66.182,1.34719,-1.776366,800,672,96,24,397,407,hasil_tahap10/archive/detection_20260520_223646_002511.jpg,hasil_tahap10/archive/mask_20260520_223646_002511.jpg,hasil_tahap10/archive/measurement_20260520_223646_002511.json
measurement_20260520_223958_962909,2026-05-20 22:39:58,True,height_gated_background_subtraction_sensor_point,8.857,8.546,3.436,3.869,260.061,0.043343,43.343,9.942,9.592,0.890921,16.5,12.8,8.5,46.319,33.236,59.579,31.498,27.629,32.0,32.0,318.136,306.945,5.972,1.34719,-1.776366,800,672,96,24,397,407,hasil_tahap10/archive/detection_20260520_223958_962909.jpg,hasil_tahap10/archive/mask_20260520_223958_962909.jpg,hasil_tahap10/archive/measurement_20260520_223958_962909.json
measurement_20260520_224222_437258,2026-05-20 22:42:22,True,height_gated_background_subtraction_sensor_point,11.015,8.159,14.383,11.995,1292.665,0.215444,215.444,20.272,15.016,0.543368,16.5,12.8,8.5,33.241,36.256,69.212,31.498,19.503,32.0,32.0,648.71,480.51,2.309,1.34719,-1.776366,800,672,96,24,397,407,hasil_tahap10/archive/detection_20260520_224222_437258.jpg,hasil_tahap10/archive/mask_20260520_224222_437258.jpg,hasil_tahap10/archive/measurement_20260520_224222_437258.json
measurement_20260520_224245_061021,2026-05-20 22:42:45,True,height_gated_background_subtraction_sensor_point,14.07,12.94,10.107,8.821,1840.278,0.306713,306.713,20.719,19.055,0.679112,16.5,12.8,8.5,14.725,1.096,18.91,31.498,22.677,32.0,32.0,663.0,609.75,90.0,1.34719,-1.776366,800,672,96,24,397,407,hasil_tahap10/archive/detection_20260520_224245_061021.jpg,hasil_tahap10/archive/mask_20260520_224245_061021.jpg,hasil_tahap10/archive/measurement_20260520_224245_061021.json
measurement_20260520_224330_379109,2026-05-20 22:43:30,True,height_gated_background_subtraction_sensor_point,15.755,12.495,10.097,8.813,1986.736,0.331123,331.123,23.188,18.39,0.679451,16.5,12.8,8.5,4.516,2.386,18.784,31.498,22.685,32.0,32.0,742.015,588.488,46.505,1.34719,-1.776366,800,672,96,24,397,407,hasil_tahap10/archive/detection_20260520_224330_379109.jpg,hasil_tahap10/archive/mask_20260520_224330_379109.jpg,hasil_tahap10/archive/measurement_20260520_224330_379109.json
measurement_20260520_224409_511958,2026-05-20 22:44:09,True,height_gated_background_subtraction_sensor_point,10.562,8.834,4.616,4.745,430.728,0.071788,71.788,12.376,10.351,0.853447,16.5,12.8,8.5,35.988,30.981,45.693,31.498,26.753,32.0,32.0,396.023,331.248,80.404,1.34719,-1.776366,800,672,96,24,397,407,hasil_tahap10/archive/detection_20260520_224409_511958.jpg,hasil_tahap10/archive/mask_20260520_224409_511958.jpg,hasil_tahap10/archive/measurement_20260520_224409_511958.json
measurement_20260520_224414_213942,2026-05-20 22:44:14,True,height_gated_background_subtraction_sensor_point,15.815,12.953,10.087,8.806,2066.251,0.344375,344.375,23.266,19.055,0.679772,16.5,12.8,8.5,4.15,1.194,18.665,31.498,22.692,32.0,32.0,744.5,609.75,90.0,1.34719,-1.776366,800,672,96,24,397,407,hasil_tahap10/archive/detection_20260520_224414_213942.jpg,hasil_tahap10/archive/mask_20260520_224414_213942.jpg,hasil_tahap10/archive/measurement_20260520_224414_213942.json
measurement_20260520_224613_530694,2026-05-20 22:46:13,True,height_gated_background_subtraction_sensor_point,10.752,8.706,4.624,4.751,432.947,0.072158,72.158,12.602,10.204,0.8532,16.5,12.8,8.5,34.834,31.982,45.601,31.498,26.747,32.0,32.0,403.277,326.54,2.799,1.34719,-1.776366,800,672,96,24,397,407,hasil_tahap10/archive/detection_20260520_224613_530694.jpg,hasil_tahap10/archive/mask_20260520_224613_530694.jpg,hasil_tahap10/archive/measurement_20260520_224613_530694.json
measurement_20260520_224630_433832,2026-05-20 22:46:30,True,height_gated_background_subtraction_sensor_point,10.662,10.191,4.632,4.757,503.348,0.083891,83.891,12.501,11.948,0.852939,16.5,12.8,8.5,35.379,20.38,45.504,31.498,26.741,32.0,32.0,400.026,382.352,3.875,1.34719,-1.776366,800,672,96,24,397,407,hasil_tahap10/archive/detection_20260520_224630_433832.jpg,hasil_tahap10/archive/mask_20260520_224630_433832.jpg,hasil_tahap10/archive/measurement_20260520_224630_433832.json
measurement_20260520_224700_738839,2026-05-20 22:47:00,True,height_gated_background_subtraction_sensor_point,16.959,13.307,8.925,7.944,2014.077,0.335679,335.679,23.664,18.568,0.716642,16.5,12.8,8.5,2.779,3.96,5.002,31.498,23.554,32.0,32.0,757.248,594.191,0.195,1.34719,-1.776366,800,672,96,24,397,407,hasil_tahap10/archive/detection_20260520_224700_738839.jpg,hasil_tahap10/archive/mask_20260520_224700_738839.jpg,hasil_tahap10/archive/measurement_20260520_224700_738839.json
measurement_20260520_224810_059145,2026-05-20 22:48:10,True,height_gated_background_subtraction_sensor_point,8.888,8.77,3.446,3.877,268.641,0.044773,44.773,9.98,9.848,0.890586,16.5,12.8,8.5,46.133,31.482,59.455,31.498,27.621,32.0,32.0,319.36,315.127,3.409,1.34719,-1.776366,800,672,96,24,397,407,hasil_tahap10/archive/detection_20260520_224810_059145.jpg,hasil_tahap10/archive/mask_20260520_224810_059145.jpg,hasil_tahap10/archive/measurement_20260520_224810_059145.json
measurement_20260520_225435_037337,2026-05-20 22:54:35,True,hsv_cardboard,8.754,8.438,3.877,3.877,286.384,0.047731,47.731,9.983,9.622,0.876903,16.5,12.8,8.5,46.946,34.081,54.385,31.498,27.621,32.0,32.0,319.447,307.905,3.653,False,1.34719,-1.776366,800,672,96,26,397,407,hasil_tahap10/archive/detection_20260520_225435_037337.jpg,hasil_tahap10/archive/mask_20260520_225435_037337.jpg,hasil_tahap10/archive/measurement_20260520_225435_037337.json
measurement_20260520_225455_434416,2026-05-20 22:54:55,True,hsv_cardboard,6.453,6.142,5.613,5.613,222.451,0.037075,37.075,7.852,7.474,0.821809,16.5,12.8,8.5,60.891,52.016,33.969,31.498,25.885,32.0,32.0,251.27,239.159,5.209,False,1.34719,-1.776366,800,672,96,26,397,407,hasil_tahap10/archive/detection_20260520_225455_434416.jpg,hasil_tahap10/archive/mask_20260520_225455_434416.jpg,hasil_tahap10/archive/measurement_20260520_225455_434416.json
measurement_20260520_225510_851459,2026-05-20 22:55:10,True,hsv_cardboard,10.733,8.623,4.75,4.75,439.653,0.073275,73.275,12.64,10.154,0.849189,16.5,12.8,8.5,34.949,32.633,44.115,31.498,26.748,32.0,32.0,404.469,324.938,50.972,False,1.34719,-1.776366,800,672,96,26,397,407,hasil_tahap10/archive/detection_20260520_225510_851459.jpg,hasil_tahap10/archive/mask_20260520_225510_851459.jpg,hasil_tahap10/archive/measurement_20260520_225510_851459.json
measurement_20260520_225526_603526,2026-05-20 22:55:26,True,hsv_cardboard,9.967,9.687,5.908,5.908,570.425,0.095071,95.071,12.268,11.924,0.812424,16.5,12.8,8.5,39.596,24.32,30.491,31.498,25.59,32.0,32.0,392.572,381.554,8.114,False,1.34719,-1.776366,800,672,96,26,397,407,hasil_tahap10/archive/detection_20260520_225526_603526.jpg,hasil_tahap10/archive/mask_20260520_225526_603526.jpg,hasil_tahap10/archive/measurement_20260520_225526_603526.json
measurement_20260520_225549_277565,2026-05-20 22:55:49,True,hsv_cardboard,15.796,10.598,5.321,5.321,890.703,0.14845,148.45,19.007,12.752,0.831074,16.5,12.8,8.5,4.267,17.206,37.402,31.498,26.177,32.0,32.0,608.215,408.054,45.071,False,1.34719,-1.776366,800,672,96,26,397,407,hasil_tahap10/archive/detection_20260520_225549_277565.jpg,hasil_tahap10/archive/mask_20260520_225549_277565.jpg,hasil_tahap10/archive/measurement_20260520_225549_277565.json
measurement_20260520_225610_281430,2026-05-20 22:56:10,True,hsv_cardboard,12.173,10.681,8.823,8.823,1147.292,0.191215,191.215,16.911,14.838,0.719877,16.5,12.8,8.5,26.221,16.552,3.804,31.498,22.675,32.0,32.0,541.136,474.808,0.665,False,1.34719,-1.776366,800,672,96,26,397,407,hasil_tahap10/archive/detection_20260520_225610_281430.jpg,hasil_tahap10/archive/mask_20260520_225610_281430.jpg,hasil_tahap10/archive/measurement_20260520_225610_281430.json
